time,temp,humidity,wind,precip
1945-01,0.12258064516129033,69.8252688172043,19.580645161290324,79.6
1945-02,5.428571428571429,70.98660714285714,19.032142857142855,71.7
1945-03,17.083870967741937,70.22043010752688,17.72258064516129,67.0
1945-04,18.586666666666666,67.5,19.246666666666666,96.4
1945-05,20.287096774193547,70.53494623655915,19.812903225806455,93.5
1945-06,26.98,75.48055555555555,14.45,128.5
1945-07,27.5,82.06720430107528,14.248387096774193,267.7
1945-08,27.177419354838708,76.67069892473118,13.345161290322581,128.2
1945-09,25.166666666666668,78.73333333333333,15.656666666666666,107.2
1945-10,17.593548387096774,73.81854838709677,16.896774193548385,96.4
1945-11,12.569999999999999,75.29166666666667,19.91,143.0
1945-12,2.519354838709677,74.6491935483871,18.603225806451615,84.7
1946-01,4.922580645161291,65.46236559139784,19.603225806451615,68.1
1946-02,5.914285714285714,59.05059523809524,21.32857142857143,63.1
1946-03,15.46774193548387,68.125,18.5,96.5
1946-04,15.873333333333333,62.12777777777777,19.506666666666668,49.199999999999996
1946-05,22.200000000000003,72.11559139784947,18.406451612903226,138.2
1946-06,26.063333333333333,72.08611111111112,16.08,125.0
1946-07,28.780645161290323,73.01209677419355,13.416129032258064,102.1
1946-08,25.903225806451612,76.11290322580645,13.538709677419355,129.4
1946-09,25.82,72.91527777777779,13.006666666666666,57.3
1946-10,20.68064516129032,73.29704301075269,15.983870967741936,38.9
1946-11,13.906666666666666,69.68055555555556,17.36,36.7
1946-12,7.419354838709677,64.41129032258064,18.90967741935484,66.5
1947-01,7.490322580645161,70.89516129032258,19.858064516129033,88.2
1947-02,2.442857142857143,56.639880952380956,23.339285714285715,52.300000000000004
1947-03,7.451612903225806,62.594086021505376,21.44516129032258,60.5
1947-04,16.74,67.61111111111111,20.470000000000002,98.1
1947-05,22.34193548387097,72.51478494623656,19.103225806451615,130.2
1947-06,25.740000000000002,72.81111111111112,15.546666666666665,97.7
1947-07,28.27741935483871,75.71505376344085,15.006451612903225,152.4
1947-08,29.183870967741935,77.80376344086021,12.14516129032258,83.3
1947-09,24.39333333333333,73.76111111111112,15.826666666666666,77.5
1947-10,21.93548387096774,74.30510752688173,13.080645161290322,43.0
1947-11,10.01,68.10555555555555,18.540000000000003,95.1
1947-12,4.548387096774194,62.6021505376344,17.77741935483871,33.2
1948-01,-0.4290322580645161,74.53225806451613,18.048387096774192,105.0
1948-02,4.272413793103448,71.14367816091954,17.913793103448278,62.6
1948-03,12.096774193548388,68.06317204301075,20.19677419354839,90.1
1948-04,16.033333333333335,66.68194444444444,19.53666666666667,91.7
1948-05,21.135483870967743,75.40188172043011,18.106451612903225,177.4
1948-06,26.790000000000003,76.27916666666667,14.546666666666665,120.4
1948-07,29.516129032258064,74.4247311827957,13.903225806451612,90.10000000000001
1948-08,28.200000000000003,78.03360215053763,13.496774193548386,144.7
1948-09,25.083333333333332,67.57916666666667,12.936666666666667,49.4
1948-10,17.05806451612903,70.58602150537634,17.51290322580645,49.3
1948-11,14.7,76.49166666666666,17.826666666666664,112.1
1948-12,6.438709677419355,74.78494623655915,18.31935483870968,159.6
1949-01,8.135483870967741,72.81182795698925,17.351612903225806,129.8
1949-02,8.482142857142858,70.2827380952381,19.114285714285717,96.3
1949-03,11.490322580645161,62.54301075268817,20.41290322580645,71.5
1949-04,17.01,65.14027777777777,19.723333333333336,92.2
1949-05,23.15806451612903,71.74462365591398,16.5258064516129,84.9
1949-06,29.08,66.69305555555556,16.73,13.299999999999999
1949-07,31.700000000000003,71.03629032258064,15.138709677419355,75.6
1949-08,29.780645161290323,70.15322580645162,12.98709677419355,75.0
1949-09,23.753333333333334,66.83333333333333,16.433333333333334,52.5
1949-10,21.10967741935484,70.59005376344085,14.94516129032258,64.4
1949-11,11.773333333333333,69.35833333333333,17.473333333333336,25.5
1949-12,7.590322580645162,69.53091397849462,18.03548387096774,54.4
1950-01,10.832258064516129,71.88575268817205,18.370967741935484,62.8
1950-02,5.0,66.4375,19.821428571428573,83.2
1950-03,8.164516129032258,59.479838709677416,23.87741935483871,104.6
1950-04,14.853333333333333,61.74861111111111,19.96333333333333,57.0
1950-05,20.53548387096774,75.92069892473118,16.15483870967742,100.9
1950-06,26.083333333333332,70.47083333333333,16.196666666666665,75.7
1950-07,28.183870967741935,71.3763440860215,14.738709677419354,107.10000000000001
1950-08,27.19677419354839,73.63037634408602,13.790322580645162,69.2
1950-09,21.813333333333333,77.1,14.053333333333335,90.0
1950-10,19.480645161290322,75.13306451612904,14.770967741935483,46.9
1950-11,12.639999999999999,69.01527777777778,19.626666666666665,135.79999999999998
1950-12,4.703225806451614,69.17069892473118,18.274193548387096,105.2
1951-01,6.754838709677419,69.51344086021506,19.312903225806455,77.1
1951-02,6.882142857142857,64.16815476190476,18.82857142857143,80.6
1951-03,10.174193548387098,66.65322580645162,21.509677419354837,108.0
1951-04,16.68,65.825,20.07,84.3
1951-05,22.406451612903226,66.98655913978494,17.125806451612902,113.2
1951-06,25.346666666666668,76.40972222222221,15.233333333333333,109.5
1951-07,29.116129032258065,72.04166666666666,14.348387096774195,72.9
1951-08,27.948387096774194,72.02016129032258,13.080645161290322,44.5
1951-09,24.923333333333336,68.32916666666667,15.316666666666666,37.3
1951-10,19.480645161290322,72.30376344086021,16.238709677419354,66.60000000000001
1951-11,9.926666666666668,69.07638888888889,18.46333333333333,184.6
1951-12,7.445161290322581,70.15994623655915,19.541935483870965,110.4
1952-01,6.551612903225807,69.74193548387096,19.76451612903226,138.1
1952-02,6.7620689655172415,61.61925287356321,19.775862068965516,47.0
1952-03,9.187096774193549,68.28360215053763,18.76451612903226,135.9
1952-04,16.823333333333334,70.01111111111112,18.476666666666667,159.79999999999998
1952-05,20.61935483870968,66.66935483870968,18.919354838709676,161.9
1952-06,27.616666666666667,69.44861111111112,16.21,105.80000000000001
1952-07,30.46451612903226,69.65322580645162,13.696774193548388,75.1
1952-08,27.506451612903227,77.03897849462366,14.025806451612903,181.7
1952-09,24.73,70.55694444444445,13.74,76.5
1952-10,17.14516129032258,62.86827956989247,17.596774193548388,18.3
1952-11,12.503333333333334,70.05555555555556,17.10666666666667,116.0
1952-12,6.509677419354839,72.24193548387096,18.190322580645162,113.1
1953-01,6.861290322580645,76.58602150537634,18.68064516129032,97.6
1953-02,8.035714285714286,60.25595238095239,20.678571428571427,69.9
1953-03,11.12258064516129,67.73924731182795,20.138709677419353,133.9
1953-04,16.029999999999998,65.40555555555555,20.653333333333332,148.7
1953-05,23.129032258064516,75.99731182795698,15.393548387096773,126.6
1953-06,27.58,67.78888888888889,15.203333333333335,48.7
1953-07,30.625806451612902,62.34543010752688,14.206451612903225,62.5
1953-08,28.851612903225806,64.41666666666667,13.348387096774195,64.7
1953-09,26.209999999999997,62.62777777777777,16.2,38.8
1953-10,20.83225806451613,65.61827956989248,14.280645161290321,68.5
1953-11,12.516666666666667,75.85972222222222,14.756666666666666,100.3
1953-12,8.448387096774193,67.19623655913979,20.16774193548387,88.8
1954-01,3.8096774193548386,68.53629032258064,19.183870967741935,54.3
1954-02,9.557142857142859,63.99404761904761,19.660714285714285,51.4
1954-03,10.596774193548388,58.66532258064516,21.761290322580646,81.7
1954-04,18.613333333333333,69.47638888888888,18.973333333333336,91.2
1954-05,20.358064516129033,70.21236559139786,16.73225806451613,73.10000000000001
1954-06,27.68,61.926388888888894,17.279999999999998,15.2
1954-07,30.229032258064517,59.505376344086024,14.496774193548388,54.3
1954-08,26.796774193548387,69.6236559139785,15.612903225806452,139.2
1954-09,24.63,73.34444444444445,16.033333333333335,115.2
1954-10,20.177419354838708,70.13037634408602,17.583870967741937,61.6
1954-11,11.096666666666666,74.81666666666666,16.276666666666667,121.2
1954-12,5.496774193548387,68.73655913978494,19.193548387096776,110.8
1955-01,3.3677419354838714,56.682795698924735,19.164516129032258,9.1
1955-02,6.510714285714286,68.97321428571429,17.396428571428572,87.5
1955-03,11.274193548387096,61.375,22.238709677419354,102.9
1955-04,17.743333333333332,71.4375,17.433333333333334,78.3
1955-05,23.716129032258067,63.20833333333333,16.799999999999997,15.5
1955-06,25.493333333333332,70.83333333333333,16.06,101.5
1955-07,31.9741935483871,67.0013440860215,13.906451612903227,45.7
1955-08,29.358064516129033,76.23252688172043,16.951612903225808,229.5
1955-09,23.996666666666666,72.12777777777778,14.66,60.4
1955-10,19.46451612903226,73.95295698924731,17.63225806451613,127.39999999999999
1955-11,10.67,68.84444444444445,19.36,56.0
1955-12,2.667741935483871,61.403225806451616,17.125806451612902,13.9
1956-01,3.4419354838709677,69.25,19.519354838709678,58.0
1956-02,7.068965517241379,67.27586206896552,19.67241379310345,112.9
1956-03,7.870967741935484,68.85887096774194,20.838709677419356,121.0
1956-04,14.963333333333333,68.00416666666666,20.10666666666667,90.3
1956-05,21.070967741935487,66.79301075268818,19.438709677419357,74.2
1956-06,26.886666666666667,71.32361111111112,14.326666666666666,67.2
1956-07,27.335483870967742,73.61155913978494,14.922580645161291,131.1
1956-08,27.73225806451613,71.78629032258064,13.570967741935483,80.5
1956-09,22.746666666666666,71.02361111111112,15.620000000000001,83.6
1956-10,18.27741935483871,74.86559139784947,15.696774193548388,98.7
1956-11,11.49,69.67916666666666,17.903333333333332,89.4
1956-12,9.425806451612903,79.16666666666666,17.258064516129032,121.4
1957-01,2.1129032258064515,66.4247311827957,17.748387096774195,48.2
1957-02,6.567857142857143,73.27083333333334,16.225,59.6
1957-03,10.503225806451614,63.52284946236559,17.09032258064516,69.5
1957-04,17.89,67.65833333333333,18.816666666666666,127.0
1957-05,22.612903225806452,64.59946236559139,17.032258064516128,36.2
1957-06,28.59333333333333,70.10277777777779,15.833333333333334,70.8
1957-07,29.893548387096775,58.181451612903224,15.541935483870969,69.3
1957-08,27.625806451612902,62.76881720430107,13.97741935483871,41.8
1957-09,25.276666666666664,70.09861111111111,14.729999999999999,79.3
1957-10,16.961290322580645,68.88306451612904,16.635483870967743,52.1
1957-11,12.423333333333334,72.00694444444444,19.509999999999998,124.1
1957-12,7.538709677419354,73.36155913978494,20.42258064516129,160.3
1958-01,3.2225806451612904,66.60752688172043,20.57741935483871,104.10000000000001
1958-02,0.9035714285714286,65.28869047619047,22.849999999999998,121.19999999999999
1958-03,7.429032258064517,73.13709677419355,20.238709677419354,178.0
1958-04,17.14333333333333,66.80555555555556,19.383333333333333,123.4
1958-05,20.95483870967742,71.15322580645162,18.18064516129032,107.9
1958-06,25.03666666666667,66.19722222222222,17.11,84.4
1958-07,29.261290322580646,75.63172043010753,14.916129032258064,125.3
1958-08,27.5,73.44489247311827,14.103225806451613,93.0
1958-09,24.496666666666666,69.3625,15.97,74.3
1958-10,17.23548387096774,70.90860215053763,17.567741935483873,166.3
1958-11,12.110000000000001,69.26666666666667,18.726666666666667,65.4
1958-12,2.0903225806451613,60.20564516129032,18.351612903225806,33.1
1959-01,4.15483870967742,61.19086021505376,21.741935483870968,60.4
1959-02,5.667857142857143,60.757440476190474,19.642857142857142,49.9
1959-03,9.82258064516129,62.97849462365591,20.251612903225805,108.2
1959-04,17.58,66.6875,18.35666666666667,78.9
1959-05,24.10967741935484,65.17338709677419,16.861290322580647,49.699999999999996
1959-06,28.373333333333335,63.47361111111111,16.296666666666667,37.7
1959-07,28.887096774193548,74.25940860215053,13.941935483870967,130.3
1959-08,29.219354838709677,74.53360215053763,13.116129032258065,129.7
1959-09,26.333333333333332,69.86111111111111,13.666666666666666,26.599999999999998
1959-10,19.387096774193548,72.20833333333334,16.583870967741937,101.6
1959-11,11.513333333333332,69.54722222222222,19.346666666666668,101.5
1959-12,6.758064516129032,75.05510752688173,17.074193548387097,115.5
1960-01,4.529032258064516,68.61290322580645,18.438709677419357,77.5
1960-02,6.3517241379310345,65.06896551724138,23.779310344827586,137.1
1960-03,3.9129032258064513,69.43279569892472,20.22258064516129,93.8
1960-04,19.513333333333332,62.13055555555556,19.81,69.0
1960-05,21.983870967741936,69.96774193548387,17.148387096774194,92.7
1960-06,26.826666666666664,66.59583333333333,15.736666666666668,55.0
1960-07,28.112903225806452,66.34811827956989,15.051612903225807,159.8
1960-08,28.151612903225807,74.72177419354838,13.187096774193549,90.3
1960-09,24.08,76.85833333333333,14.183333333333334,164.29999999999998
1960-10,17.816129032258065,69.62903225806451,16.067741935483873,61.0
1960-11,12.8,70.38333333333334,16.116666666666667,51.199999999999996
1960-12,2.0161290322580645,68.5497311827957,17.200000000000003,67.6
1961-01,0.3129032258064516,70.8508064516129,19.116129032258065,85.7
1961-02,5.7,77.59821428571429,18.117857142857144,106.8
1961-03,10.36774193548387,67.36155913978494,19.05806451612903,114.8
1961-04,14.113333333333333,65.29305555555555,23.92,93.5
1961-05,20.190322580645162,68.35618279569891,18.751612903225805,62.599999999999994
1961-06,26.746666666666666,69.91388888888888,16.193333333333335,124.2
1961-07,28.84193548387097,71.6263440860215,13.074193548387097,97.3
1961-08,27.858064516129033,74.19489247311827,13.63225806451613,73.4
1961-09,27.05666666666667,71.74583333333334,14.986666666666668,52.4
1961-10,19.15806451612903,73.04838709677419,16.080645161290324,138.9
1961-11,12.146666666666667,69.72638888888888,19.15,85.5
1961-12,4.170967741935484,71.64650537634408,17.532258064516128,99.8
1962-01,4.161290322580645,61.663978494623656,19.406451612903226,75.1
1962-02,3.4250000000000003,73.86160714285714,17.239285714285714,101.6
1962-03,9.506451612903225,63.49327956989247,21.116129032258065,109.9
1962-04,16.21333333333333,65.33194444444445,20.046666666666667,95.3
1962-05,23.729032258064517,63.52956989247312,16.31935483870968,47.300000000000004
1962-06,27.10666666666667,68.15555555555555,13.629999999999999,78.0
1962-07,28.258064516129032,64.16397849462365,15.493548387096775,49.2
1962-08,27.61935483870968,70.86693548387096,14.506451612903225,87.8
1962-09,22.490000000000002,68.82638888888889,15.946666666666665,71.2
1962-10,18.835483870967742,70.28091397849462,15.551612903225807,37.7
1962-11,9.706666666666667,69.90277777777779,18.790000000000003,128.9
1962-12,2.8161290322580643,68.14381720430109,18.948387096774194,66.1
1963-01,2.103225806451613,71.21639784946237,16.68064516129032,54.599999999999994
1963-02,2.2785714285714285,62.11458333333333,18.325,66.6
1963-03,11.574193548387097,68.05376344086021,19.751612903225805,122.3
1963-04,17.033333333333335,52.07638888888889,21.953333333333333,24.7
1963-05,22.061290322580643,59.954301075268816,17.92258064516129,47.0
1963-06,27.259999999999998,66.89166666666667,15.523333333333333,79.2
1963-07,29.693548387096776,61.357526881720425,14.961290322580645,43.9
1963-08,26.961290322580645,66.16263440860214,15.274193548387096,124.4
1963-09,22.236666666666668,67.09722222222223,16.366666666666667,99.80000000000001
1963-10,21.345161290322583,63.39381720430107,14.638709677419355,10.4
1963-11,13.270000000000001,72.56527777777778,19.736666666666668,206.8
1963-12,1.3516129032258064,71.39516129032258,17.174193548387095,64.1
1964-01,4.554838709677419,70.09543010752688,21.654838709677417,119.0
1964-02,3.075862068965517,68.41810344827586,22.355172413793102,117.9
1964-03,10.54516129032258,66.5241935483871,22.02258064516129,77.8
1964-04,14.833333333333334,71.1125,18.223333333333336,146.2
1964-05,23.674193548387095,58.505376344086024,17.40967741935484,28.400000000000002
1964-06,27.543333333333337,62.393055555555556,16.176666666666666,45.4
1964-07,28.970967741935485,69.77150537634408,15.64516129032258,102.8
1964-08,27.429032258064513,65.18279569892474,15.535483870967743,35.9
1964-09,25.18,62.29305555555556,16.896666666666665,82.0
1964-10,16.916129032258063,67.0,15.970967741935485,27.7
1964-11,14.17,67.1361111111111,17.39333333333333,66.5
1964-12,6.670967741935484,75.44220430107528,17.080645161290324,124.8
1965-01,1.832258064516129,70.19220430107528,18.806451612903224,94.7
1965-02,5.417857142857143,59.936011904761905,20.785714285714285,65.2
1965-03,7.816129032258065,65.03897849462365,18.387096774193548,99.2
1965-04,14.433333333333334,64.27361111111112,18.266666666666666,60.0
1965-05,24.874193548387098,60.93413978494623,16.24838709677419,25.6
1965-06,27.0,58.01388888888889,16.333333333333332,28.5
1965-07,28.48709677419355,66.18145161290323,14.5,80.7
1965-08,27.812903225806455,69.0497311827957,15.483870967741936,94.1
1965-09,25.573333333333334,72.35833333333333,14.620000000000001,32.6
1965-10,16.94193548387097,66.66666666666666,17.758064516129032,59.3
1965-11,11.406666666666666,65.1986111111111,17.85,39.800000000000004
1965-12,7.116129032258065,68.94220430107528,14.774193548387096,26.900000000000002
1966-01,2.02258064516129,63.505376344086024,21.967741935483872,98.8
1966-02,4.25,71.9375,18.542857142857144,96.5
1966-03,11.077419354838709,63.48118279569893,18.903225806451612,49.2
1966-04,13.860000000000001,68.32638888888889,17.196666666666665,79.8
1966-05,20.425806451612903,66.35349462365592,17.151612903225807,91.39999999999999
1966-06,28.413333333333334,61.26944444444444,15.256666666666666,20.1
1966-07,31.63225806451613,53.13978494623656,15.583870967741936,27.8
1966-08,29.406451612903226,63.266129032258064,14.306451612903226,44.0
1966-09,23.11,67.26805555555556,16.516666666666666,122.39999999999999
1966-10,17.383870967741935,69.04301075268818,16.98709677419355,86.7
1966-11,12.846666666666666,72.73194444444445,17.06,76.10000000000001
1966-12,4.922580645161291,74.74193548387096,17.90967741935484,122.1
1967-01,6.532258064516129,74.2271505376344,16.687096774193545,29.8
1967-02,2.9499999999999997,66.53720238095238,20.817857142857143,67.2
1967-03,7.903225806451613,72.5241935483871,17.348387096774193,117.8
1967-04,16.356666666666666,62.24444444444444,20.453333333333333,75.0
1967-05,17.958064516129035,66.65994623655915,19.57741935483871,109.10000000000001
1967-06,28.196666666666665,63.35,15.34,44.4
1967-07,28.538709677419355,73.53225806451613,12.474193548387097,117.3
1967-08,27.0258064516129,76.66935483870968,13.958064516129031,201.1
1967-09,23.35666666666667,68.48888888888888,17.116666666666667,43.3
1967-10,17.664516129032258,70.63306451612904,15.412903225806453,45.5
1967-11,8.896666666666667,67.6263888888889,19.223333333333336,60.8
1967-12,6.506451612903226,74.07795698924731,17.73548387096774,157.79999999999998
1968-01,1.4322580645161291,72.18951612903226,17.12258064516129,67.4
1968-02,3.4344827586206894,48.183908045977006,21.186206896551724,31.7
1968-03,12.32258064516129,66.24327956989247,20.85483870967742,129.2
1968-04,17.913333333333334,59.46527777777778,18.236666666666668,47.199999999999996
1968-05,19.990322580645163,67.21639784946237,18.44516129032258,132.1
1968-06,27.3,70.61944444444445,15.543333333333333,60.199999999999996
1968-07,30.30322580645161,64.85215053763442,13.738709677419354,50.3
1968-08,30.193548387096776,61.71774193548387,14.796774193548387,54.1
1968-09,26.703333333333333,61.74166666666667,14.22,33.3
1968-10,19.200000000000003,67.82392473118279,15.890322580645162,97.9
1968-11,11.186666666666667,73.81111111111112,19.779999999999998,130.7
1968-12,4.361290322580645,62.36290322580645,21.103225806451615,92.2
1969-01,2.8096774193548386,62.780913978494624,19.190322580645162,48.1
1969-02,2.857142857142857,70.2797619047619,20.15357142857143,84.6
1969-03,7.535483870967742,65.76209677419355,20.845161290322583,91.2
1969-04,17.436666666666667,68.46388888888889,18.696666666666665,97.0
1969-05,22.6,63.017473118279575,18.193548387096776,65.2
1969-06,27.66,68.09861111111111,16.226666666666667,81.2
1969-07,28.34193548387097,72.81182795698925,14.074193548387097,167.1
1969-08,28.483870967741936,70.59139784946237,13.261290322580646,89.1
1969-09,23.873333333333335,73.74583333333334,12.916666666666666,172.70000000000002
1969-10,17.69677419354839,69.26747311827957,15.558064516129033,50.7
1969-11,10.729999999999999,74.07222222222222,17.19,83.0
1969-12,3.629032258064516,68.93682795698925,22.032258064516128,181.8
1970-01,-0.7096774193548387,73.99327956989247,17.03548387096774,34.4
1970-02,4.992857142857142,64.54166666666667,20.95,72.2
1970-03,7.319354838709677,66.00940860215054,18.574193548387097,99.9
1970-04,16.13,66.82916666666667,19.740000000000002,122.6
1970-05,22.961290322580645,68.84274193548387,16.348387096774193,55.0
1970-06,26.56,67.81666666666666,15.143333333333334,76.2
1970-07,29.4741935483871,67.87231182795698,14.519354838709678,94.9
1970-08,29.438709677419357,64.29166666666667,13.254838709677419,57.199999999999996
1970-09,27.48,63.708333333333336,14.996666666666666,26.2
1970-10,19.416129032258063,70.83333333333334,16.19677419354839,83.2
1970-11,12.57,75.85972222222222,17.483333333333334,172.5
1970-12,5.45483870967742,70.35618279569891,20.948387096774194,98.2
1971-01,1.238709677419355,65.35887096774194,19.983870967741936,63.0
1971-02,6.189285714285715,65.72470238095238,20.42142857142857,173.0
1971-03,8.587096774193547,60.37903225806452,21.480645161290322,86.60000000000001
1971-04,15.396666666666668,56.729166666666664,22.173333333333336,67.1
1971-05,20.177419354838708,67.60483870967742,17.822580645161292,154.8
1971-06,28.07,66.03472222222223,14.78,35.2
1971-07,29.606451612903225,62.47043010752688,15.109677419354838,111.0
1971-08,27.87741935483871,70.74596774193549,14.880645161290323,197.70000000000002
1971-09,24.956666666666667,78.71666666666667,12.47,147.2
1971-10,20.470967741935485,79.61424731182795,15.209677419354838,107.0
1971-11,11.113333333333333,71.05694444444445,19.0,114.6
1971-12,8.780645161290321,68.9247311827957,19.241935483870968,50.9
1972-01,5.948387096774193,67.67204301075269,19.106451612903225,71.6
1972-02,4.258620689655173,69.0646551724138,21.448275862068964,122.8
1972-03,9.274193548387096,62.682795698924735,20.54516129032258,96.8
1972-04,15.043333333333333,64.1263888888889,19.11,85.2
1972-05,21.27741935483871,72.60618279569891,17.529032258064515,178.4
1972-06,23.953333333333333,75.52916666666667,17.046666666666667,251.5
1972-07,28.519354838709678,74.60483870967742,13.393548387096773,104.6
1972-08,28.138709677419353,67.57123655913979,14.116129032258065,47.7
1972-09,24.69333333333333,72.72916666666667,15.733333333333333,65.0
1972-10,15.374193548387098,68.69220430107528,16.887096774193548,75.10000000000001
1972-11,9.776666666666667,75.66388888888888,18.276666666666664,201.5
1972-12,7.412903225806451,76.14247311827957,18.883870967741935,121.60000000000001
1973-01,5.670967741935484,61.0497311827957,18.94193548387097,81.2
1973-02,5.260714285714286,59.26934523809524,19.567857142857143,57.0
1973-03,13.074193548387097,72.03763440860214,17.780645161290323,72.1
1973-04,16.236666666666668,68.14861111111112,20.003333333333334,140.5
1973-05,19.858064516129033,71.85618279569891,18.874193548387098,89.1
1973-06,27.353333333333335,76.88333333333334,14.486666666666668,168.9
1973-07,29.283870967741933,71.38440860215053,13.535483870967743,58.1
1973-08,28.967741935483872,74.53629032258064,12.33548387096774,108.6
1973-09,25.09,70.50972222222222,15.566666666666666,111.6
1973-10,19.758064516129032,69.57661290322581,15.806451612903226,91.4
1973-11,12.8,67.17777777777778,18.43,59.2
1973-12,7.583870967741936,74.09811827956989,19.36774193548387,231.1
1974-01,6.351612903225806,77.3521505376344,16.093548387096774,106.10000000000001
1974-02,4.4035714285714285,64.35565476190476,19.45,69.6
1974-03,10.738709677419354,61.88978494623656,22.59032258064516,117.5
1974-04,18.183333333333334,63.725,20.58,86.5
1974-05,21.038709677419355,65.93413978494624,18.70967741935484,71.6
1974-06,25.16,71.45416666666667,16.279999999999998,87.0
1974-07,29.961290322580645,61.05241935483871,14.661290322580646,42.4
1974-08,28.68064516129032,72.39650537634408,14.148387096774192,94.8
1974-09,23.543333333333333,74.25277777777778,15.04,111.7
1974-10,17.05806451612903,66.38172043010753,16.096774193548388,23.5
1974-11,12.666666666666666,68.51388888888889,17.90666666666667,41.6
1974-12,7.709677419354839,73.9986559139785,19.851612903225806,124.6
1975-01,6.9,72.66397849462366,20.048387096774192,99.9
1975-02,6.385714285714286,69.61755952380953,18.67142857142857,80.2
1975-03,9.306451612903226,63.125,22.229032258064517,121.7
1975-04,13.586666666666668,57.856944444444444,21.863333333333333,98.89999999999999
1975-05,23.55483870967742,73.18010752688173,15.19032258064516,84.1
1975-06,26.073333333333334,72.45694444444445,15.473333333333333,94.5
1975-07,28.48709677419355,75.57930107526882,13.464516129032257,187.7
1975-08,28.948387096774194,70.27688172043011,13.596774193548388,52.6
1975-09,22.796666666666667,76.3625,14.97,193.5
1975-10,19.79032258064516,74.83198924731182,16.538709677419355,132.9
1975-11,15.336666666666668,73.55277777777778,16.823333333333334,97.0
1975-12,6.47741935483871,70.44623655913979,17.89032258064516,87.0
1976-01,2.148387096774194,67.2728494623656,20.296774193548387,124.2
1976-02,10.213793103448275,65.01724137931035,21.858620689655172,62.7
1976-03,12.912903225806453,63.057795698924735,21.65806451612903,63.1
1976-04,18.833333333333332,55.47638888888889,19.336666666666666,45.400000000000006
1976-05,21.77741935483871,63.229838709677416,19.9741935483871,76.4
1976-06,28.34333333333333,67.80555555555556,16.416666666666668,90.5
1976-07,28.493548387096773,66.52822580645162,15.329032258064515,48.7
1976-08,28.493548387096773,68.21774193548387,15.13225806451613,116.39999999999999
1976-09,24.066666666666666,69.32083333333334,15.886666666666667,109.0
1976-10,15.251612903225807,69.3736559139785,18.593548387096774,144.6
1976-11,8.776666666666667,62.891666666666666,19.063333333333333,22.0
1976-12,3.2129032258064516,61.83736559139785,20.925806451612903,52.5
1977-01,-1.7451612903225806,64.82795698924731,21.106451612903225,49.0
1977-02,6.107142857142857,64.2797619047619,20.292857142857144,41.2
1977-03,13.245161290322581,64.50672043010752,23.30322580645161,119.1
1977-04,18.34333333333333,58.856944444444444,18.28666666666667,121.2
1977-05,23.96451612903226,60.87096774193548,17.258064516129032,51.2
1977-06,25.743333333333332,65.68333333333334,17.753333333333334,94.2
1977-07,30.283870967741933,63.79838709677419,14.76774193548387,40.8
1977-08,29.03548387096774,72.73387096774194,14.841935483870968,110.4
1977-09,24.723333333333336,75.33472222222221,15.493333333333334,153.2
1977-10,16.606451612903225,72.98521505376344,18.31935483870968,152.8
1977-11,12.393333333333334,77.41944444444445,19.15666666666667,151.0
1977-12,5.806451612903226,70.06854838709677,19.338709677419356,126.10000000000001
1978-01,2.064516129032258,69.28629032258064,23.083870967741937,198.4
1978-02,0.3178571428571428,70.27678571428571,16.675,45.4
1978-03,8.09032258064516,68.74462365591398,19.0258064516129,117.7
1978-04,15.746666666666666,57.893055555555556,21.5,54.2
1978-05,20.27741935483871,74.69354838709677,18.0,215.5
1978-06,26.48,67.4986111111111,16.353333333333335,73.0
1978-07,27.52258064516129,71.10349462365592,14.093548387096773,157.1
1978-08,27.93548387096774,80.67338709677419,12.941935483870967,193.6
1978-09,23.846666666666668,72.61388888888888,15.003333333333334,46.6
1978-10,17.896774193548385,71.80645161290323,15.741935483870968,50.199999999999996
1978-11,12.666666666666666,75.03472222222221,14.583333333333334,53.5
1978-12,7.699999999999999,67.48655913978494,19.993548387096773,134.9
1979-01,4.254838709677419,66.52822580645162,22.251612903225805,181.0
1979-02,-0.9928571428571429,66.23958333333333,20.00357142857143,114.3
1979-03,13.083870967741936,66.22311827956989,19.312903225806455,100.1
1979-04,16.066666666666666,68.0513888888889,18.55,84.5
1979-05,22.33225806451613,74.91129032258064,15.919354838709678,153.20000000000002
1979-06,25.58,68.66666666666667,14.47,56.6
1979-07,28.216129032258067,74.13709677419355,12.787096774193548,85.1
1979-08,27.687096774193545,75.54838709677419,15.0,158.5
1979-09,23.873333333333335,74.85694444444445,16.073333333333334,123.1
1979-10,16.864516129032257,74.68145161290323,16.39677419354839,100.3
1979-11,14.243333333333334,75.26388888888889,16.970000000000002,84.6
1979-12,7.509677419354839,70.1008064516129,18.116129032258065,43.0
1980-01,3.7774193548387096,63.29032258064516,17.580645161290324,52.4
1980-02,3.3758620689655174,54.701149425287355,18.644827586206898,23.7
1980-03,9.17741935483871,65.53225806451613,22.11935483870968,175.20000000000002
1980-04,16.95,67.92361111111111,19.68,132.5
1980-05,23.15806451612903,64.84005376344086,17.52258064516129,55.9
1980-06,26.41,63.25555555555556,17.766666666666666,61.6
1980-07,30.770967741935483,66.01612903225806,14.83548387096774,81.3
1980-08,30.425806451612903,66.74462365591398,14.290322580645162,35.1
1980-09,26.613333333333333,64.3625,16.413333333333334,41.9
1980-10,16.961290322580645,66.67204301075269,17.612903225806452,96.3
1980-11,10.129999999999999,65.74166666666666,19.783333333333335,62.1
1980-12,5.048387096774194,59.90053763440861,19.041935483870965,13.5
1981-01,0.15483870967741928,63.41129032258065,17.683870967741935,10.6
1981-02,8.4,66.21279761904762,21.864285714285717,102.3
1981-03,8.670967741935485,60.70161290322581,21.038709677419355,48.3
1981-04,18.023333333333333,61.67777777777778,21.726666666666667,79.8
1981-05,22.25483870967742,66.07930107526882,16.983870967741936,92.60000000000001
1981-06,27.126666666666665,67.78888888888889,16.683333333333334,105.7
1981-07,29.219354838709677,67.20430107526882,15.390322580645162,102.3
1981-08,27.532258064516128,69.4502688172043,14.009677419354839,83.2
1981-09,23.066666666666666,71.53055555555555,16.566666666666666,145.0
1981-10,16.2,69.79435483870968,17.806451612903224,83.0
1981-11,10.99,66.4388888888889,18.173333333333336,35.199999999999996
1981-12,4.396774193548388,73.55913978494624,19.061290322580643,96.5
1982-01,-0.012903225806451474,66.8225806451613,20.5258064516129,87.2
1982-02,5.728571428571429,65.60565476190476,17.289285714285715,77.5
1982-03,10.02258064516129,65.18951612903226,18.799999999999997,61.9
1982-04,15.023333333333333,58.580555555555556,23.6,132.9
1982-05,23.183870967741935,68.17204301075269,14.993548387096775,46.2
1982-06,24.23,74.20416666666667,15.646666666666667,147.0
1982-07,29.01290322580645,71.46102150537634,12.94516129032258,125.89999999999999
1982-08,26.55806451612903,69.84408602150538,14.229032258064517,68.4
1982-09,23.933333333333334,73.4125,14.076666666666666,60.0
1982-10,18.15806451612903,70.30645161290323,15.17741935483871,47.9
1982-11,13.45,73.26944444444445,16.383333333333333,82.5
1982-12,8.87741935483871,74.53897849462366,17.23225806451613,47.4
1983-01,4.993548387096775,67.70833333333334,17.26774193548387,63.6
1983-02,4.960714285714286,70.78720238095238,17.54642857142857,91.69999999999999
1983-03,10.596774193548388,68.34408602150538,21.216129032258067,152.1
1983-04,15.576666666666666,69.64861111111112,21.1,196.5
1983-05,21.17096774193548,69.88440860215053,18.299999999999997,172.5
1983-06,27.136666666666667,69.78055555555555,14.020000000000001,115.7
1983-07,30.774193548387096,62.836021505376344,15.125806451612902,62.800000000000004
1983-08,29.57741935483871,69.74327956989247,13.729032258064517,110.7
1983-09,25.756666666666668,66.17083333333333,14.67,66.0
1983-10,17.86774193548387,72.63440860215053,16.2,126.0
1983-11,12.853333333333333,73.86111111111111,17.926666666666666,173.8
1983-12,4.33225806451613,64.56854838709677,19.97741935483871,180.8
1984-01,1.3290322580645162,72.91801075268818,14.229032258064517,45.8
1984-02,8.931034482758621,71.47557471264368,20.24827586206897,122.0
1984-03,6.803225806451613,63.5752688172043,21.216129032258067,138.5
1984-04,15.436666666666667,70.73472222222222,18.39333333333333,184.79999999999998
1984-05,20.796774193548387,69.06586021505376,19.467741935483872,209.5
1984-06,27.766666666666666,66.99166666666666,15.576666666666666,113.0
1984-07,27.387096774193548,75.01209677419355,14.69032258064516,170.7
1984-08,27.62258064516129,77.38172043010753,12.703225806451613,63.800000000000004
1984-09,22.90666666666667,70.93333333333334,14.666666666666666,63.7
1984-10,20.635483870967743,76.72849462365592,14.40967741935484,71.5
1984-11,11.343333333333334,67.9875,17.59,76.2
1984-12,9.983870967741936,74.65860215053763,16.39032258064516,44.8
1985-01,1.0193548387096774,63.568548387096776,19.77741935483871,57.5
1985-02,5.835714285714286,65.7797619047619,18.946428571428573,63.9
1985-03,12.04516129032258,57.846774193548384,21.52258064516129,63.0
1985-04,18.746666666666666,61.34583333333333,19.216666666666665,29.599999999999998
1985-05,23.361290322580647,66.30779569892472,18.70967741935484,138.0
1985-06,24.65666666666667,67.83194444444445,16.863333333333333,66.1
1985-07,29.03870967741935,70.0994623655914,15.316129032258065,97.0
1985-08,27.519354838709678,71.28763440860214,13.748387096774193,60.0
1985-09,25.68,69.38611111111112,14.823333333333332,96.60000000000001
1985-10,19.17096774193548,70.8252688172043,15.348387096774195,54.8
1985-11,14.09,77.17222222222222,18.403333333333332,148.3
1985-12,4.606451612903226,64.04166666666667,18.04516129032258,32.1
1986-01,4.34516129032258,63.780913978494624,19.59032258064516,85.8
1986-02,3.082142857142857,76.69047619047619,15.860714285714286,94.4
1986-03,12.141935483870967,60.72043010752688,20.206451612903226,47.6
1986-04,16.146666666666665,69.57916666666667,18.48,143.3
1986-05,23.76774193548387,63.04166666666667,16.63225806451613,39.2
1986-06,28.040000000000003,59.9375,17.526666666666664,36.9
1986-07,29.583870967741937,70.3225806451613,14.041935483870969,130.4
1986-08,26.838709677419356,72.21505376344085,14.806451612903226,111.5
1986-09,24.136666666666667,72.96805555555555,14.666666666666666,36.5
1986-10,18.48709677419355,70.77688172043011,15.7,74.9
1986-11,11.32,76.32083333333334,16.763333333333332,158.1
1986-12,6.906451612903226,72.34677419354838,17.861290322580647,115.60000000000001
1987-01,2.3096774193548386,73.44086021505376,19.629032258064516,153.2
1987-02,3.4499999999999997,65.45833333333333,17.635714285714286,50.3
1987-03,12.167741935483871,63.270161290322584,18.838709677419356,70.7
1987-04,15.530000000000001,72.56666666666666,20.040000000000003,104.6
1987-05,22.351612903225806,69.93413978494624,15.241935483870968,74.1
1987-06,27.956666666666667,69.11944444444445,15.303333333333335,118.5
1987-07,30.429032258064513,72.36155913978494,12.832258064516129,83.0
1987-08,27.85483870967742,71.90322580645162,13.929032258064517,156.5
1987-09,23.903333333333332,77.19305555555555,14.503333333333334,124.0
1987-10,16.293548387096774,70.10752688172043,16.82903225806452,94.2
1987-11,12.966666666666667,70.97638888888888,19.023333333333333,70.2
1987-12,7.396774193548388,70.18279569892472,18.490322580645163,71.0
1988-01,1.8387096774193548,68.12903225806451,16.406451612903226,85.60000000000001
1988-02,5.872413793103449,62.298850574712645,19.948275862068964,80.3
1988-03,11.803225806451612,60.840053763440864,19.34193548387097,47.8
1988-04,15.346666666666666,64.45555555555556,20.486666666666668,60.4
1988-05,22.280645161290323,75.10887096774194,15.674193548387096,187.8
1988-06,27.56,56.2875,17.423333333333336,36.8
1988-07,31.52258064516129,68.94623655913979,14.45483870967742,109.3
1988-08,29.916129032258063,69.99327956989247,15.251612903225807,73.7
1988-09,23.863333333333333,70.11527777777778,14.226666666666667,46.8
1988-10,15.619354838709677,66.03494623655914,17.548387096774192,52.9
1988-11,13.143333333333334,73.16944444444445,19.426666666666666,110.5
1988-12,5.458064516129032,60.71639784946236,18.13225806451613,21.7
1989-01,6.425806451612903,66.34005376344085,18.30322580645161,51.7
1989-02,5.557142857142857,62.398809523809526,18.185714285714287,73.4
1989-03,10.564516129032258,68.50940860215053,18.787096774193547,114.2
1989-04,16.013333333333332,62.81805555555556,18.793333333333333,106.5
1989-05,21.406451612903226,72.95430107526882,18.82903225806452,185.7
1989-06,26.773333333333333,77.91111111111111,15.32,134.4
1989-07,27.83225806451613,76.38844086021506,12.925806451612903,185.9
1989-08,26.858064516129033,76.9771505376344,13.69032258064516,125.80000000000001
1989-09,24.256666666666668,74.51805555555555,15.216666666666667,96.0
1989-10,18.806451612903224,75.96505376344085,16.061290322580643,137.1
1989-11,11.32,67.9986111111111,20.623333333333335,75.6
1989-12,-0.2096774193548388,63.223118279569896,17.325806451612905,30.6
1990-01,9.0,72.875,18.932258064516127,89.8
1990-02,9.875,67.23363095238095,20.45,62.4
1990-03,12.687096774193549,65.77956989247312,18.1,61.0
1990-04,16.92,67.66944444444444,18.220000000000002,118.3
1990-05,20.200000000000003,68.01075268817205,19.200000000000003,161.2
1990-06,26.95,69.725,15.913333333333332,61.1
1990-07,28.761290322580646,73.0725806451613,15.103225806451613,100.2
1990-08,27.61935483870968,75.41801075268818,13.274193548387096,123.89999999999999
1990-09,23.796666666666667,71.55277777777778,14.216666666666667,38.6
1990-10,20.374193548387098,69.26075268817205,18.687096774193545,71.8
1990-11,13.956666666666667,65.03611111111111,18.226666666666667,39.0
1990-12,9.567741935483872,72.30510752688173,19.661290322580644,120.60000000000001
1991-01,5.016129032258065,69.40994623655915,17.161290322580644,87.5
1991-02,8.439285714285715,64.35714285714286,17.771428571428572,40.7
1991-03,12.245161290322581,66.49462365591398,20.338709677419356,157.4
1991-04,17.763333333333332,69.84861111111111,18.25,100.3
1991-05,25.82903225806452,67.85483870967742,16.229032258064517,62.3
1991-06,28.61,61.208333333333336,14.776666666666667,44.2
1991-07,30.17096774193548,67.27956989247312,13.958064516129031,102.7
1991-08,29.393548387096775,69.79301075268818,14.180645161290323,124.89999999999999
1991-09,24.433333333333334,69.36666666666666,14.926666666666668,123.3
1991-10,19.161290322580644,72.6478494623656,16.4,52.6
1991-11,11.889999999999999,68.1625,16.006666666666668,42.6
1991-12,7.735483870967743,69.25268817204302,18.387096774193548,125.3
1992-01,5.867741935483871,66.48790322580645,19.961290322580645,36.1
1992-02,6.813793103448275,65.31752873563218,19.900000000000002,46.0
1992-03,9.219354838709679,64.49059139784946,20.838709677419356,82.6
1992-04,16.056666666666665,67.34166666666667,17.17,36.4
1992-05,20.738709677419354,67.64650537634408,15.97741935483871,74.1
1992-06,25.96333333333333,67.14861111111111,15.32,55.9
1992-07,28.909677419354836,69.09811827956989,16.4,123.4
1992-08,26.687096774193545,72.32795698924731,14.064516129032258,124.9
1992-09,23.666666666666668,74.69583333333334,16.596666666666668,132.4
1992-10,16.61935483870968,69.98118279569891,15.741935483870968,53.0
1992-11,11.443333333333333,72.76666666666667,16.73,95.7
1992-12,6.477419354838709,72.8508064516129,19.73548387096774,114.10000000000001
1993-01,5.658064516129032,68.50537634408602,18.083870967741937,59.4
1993-02,3.367857142857143,58.245535714285715,19.675,62.6
1993-03,7.764516129032257,75.16263440860214,18.761290322580646,174.1
1993-04,16.7,65.63333333333334,20.333333333333332,120.3
1993-05,23.364516129032257,64.11155913978494,15.69032258064516,50.1
1993-06,27.68,63.795833333333334,15.916666666666666,43.8
1993-07,31.0258064516129,62.22043010752688,15.074193548387097,90.8
1993-08,29.52258064516129,70.79435483870968,13.474193548387097,77.60000000000001
1993-09,24.176666666666666,74.6625,16.146666666666665,171.2
1993-10,17.138709677419353,72.02688172043011,16.838709677419356,112.8
1993-11,12.583333333333334,71.44305555555555,18.596666666666668,56.800000000000004
1993-12,5.829032258064516,68.02150537634408,18.43548387096774,111.60000000000001
1994-01,0.49999999999999994,70.01075268817205,19.041935483870965,122.2
1994-02,2.992857142857143,69.79464285714286,19.582142857142856,124.2
1994-03,9.080645161290322,69.87096774193549,20.687096774193545,174.1
1994-04,19.38,61.981944444444444,19.026666666666664,69.7
1994-05,21.154838709677417,63.08064516129032,18.45483870967742,73.1
1994-06,29.21333333333333,64.6861111111111,16.99,93.2
1994-07,30.05483870967742,75.54704301075269,13.32258064516129,112.4
1994-08,27.16774193548387,74.08870967741936,14.67741935483871,145.7
1994-09,23.913333333333334,67.50555555555556,16.966666666666665,76.4
1994-10,18.02258064516129,68.3736559139785,13.619354838709677,23.599999999999998
1994-11,14.79,64.8138888888889,19.903333333333332,63.7
1994-12,8.922580645161291,71.43145161290323,16.316129032258065,68.3
1995-01,6.464516129032258,67.19086021505376,17.774193548387096,78.1
1995-02,3.6750000000000003,65.84821428571429,18.40357142857143,58.6
1995-03,12.490322580645161,64.21370967741936,17.096774193548388,51.5
1995-04,16.32,58.87916666666667,19.253333333333334,57.9
1995-05,20.893548387096775,67.99193548387096,17.812903225806455,85.2
1995-06,26.39333333333333,71.99305555555556,15.066666666666666,78.0
1995-07,29.95483870967742,73.15725806451613,13.529032258064515,113.3
1995-08,29.938709677419357,64.08602150537635,14.470967741935485,53.6
1995-09,24.53666666666667,64.20138888888889,14.733333333333333,75.4
1995-10,20.33225806451613,71.87231182795698,17.548387096774192,154.6
1995-11,9.55,69.36944444444445,19.023333333333333,101.9
1995-12,2.5548387096774197,69.31854838709677,18.5,57.2
1996-01,2.541935483870968,75.26075268817205,20.73548387096774,165.7
1996-02,4.717241379310345,63.60057471264368,20.06206896551724,56.6
1996-03,8.296774193548387,61.344086021505376,19.574193548387097,83.5
1996-04,16.053333333333335,66.00277777777778,23.363333333333333,124.7
1996-05,20.364516129032257,69.77956989247312,16.677419354838708,97.6
1996-06,26.236666666666668,75.75,14.85,129.8
1996-07,26.970967741935485,75.01747311827957,15.238709677419354,162.3
1996-08,27.39032258064516,77.39112903225806,11.067741935483872,88.8
1996-09,23.623333333333335,75.98888888888888,15.613333333333333,137.6
1996-10,17.79032258064516,72.78629032258064,16.516129032258064,116.60000000000001
1996-11,8.953333333333335,67.58194444444445,15.99,49.5
1996-12,7.838709677419355,79.29838709677419,18.258064516129032,195.1
1997-01,3.8225806451612905,62.31586021505377,20.383870967741935,58.6
1997-02,8.217857142857143,66.87053571428571,19.821428571428573,57.6
1997-03,11.225806451612904,64.53360215053763,22.835483870967742,151.1
1997-04,15.18,62.05277777777778,19.863333333333333,47.7
1997-05,19.68064516129032,62.13306451612903,21.016129032258064,113.2
1997-06,26.39333333333333,66.97777777777777,15.4,56.1
1997-07,29.80322580645161,60.4502688172043,14.658064516129034,47.4
1997-08,27.60967741935484,66.79435483870968,13.551612903225807,139.0
1997-09,23.56,70.21388888888889,16.04,60.300000000000004
1997-10,18.358064516129033,67.79435483870968,14.919354838709678,55.0
1997-11,9.82,73.16388888888888,19.18,90.5
1997-12,6.4,72.97849462365592,17.864516129032257,76.9
1998-01,8.164516129032258,74.56989247311827,18.387096774193548,94.1
1998-02,8.807142857142857,71.625,19.914285714285715,109.5
1998-03,11.341935483870968,67.80107526881721,18.574193548387097,126.60000000000001
1998-04,16.95,66.275,18.183333333333334,130.7
1998-05,22.770967741935483,75.2271505376344,15.90967741935484,143.8
1998-06,25.263333333333332,72.50277777777778,16.09,102.5
1998-07,28.86774193548387,66.61424731182795,13.87741935483871,69.8
1998-08,29.309677419354838,67.36021505376344,13.441935483870967,41.1
1998-09,26.783333333333335,65.69305555555556,14.633333333333333,42.9
1998-10,17.822580645161292,67.66801075268818,16.612903225806452,47.3
1998-11,12.736666666666668,65.15,16.96,21.5
1998-12,9.26774193548387,65.99059139784946,16.203225806451613,27.3
1999-01,6.119354838709677,67.89650537634408,19.419354838709676,156.2
1999-02,7.25,65.10714285714286,16.57857142857143,76.2
1999-03,9.787096774193548,59.01881720430107,22.5,105.60000000000001
1999-04,16.31,63.665277777777774,18.470000000000002,76.60000000000001
1999-05,22.325806451612905,65.5497311827957,16.051612903225806,66.5
1999-06,27.25,66.06527777777778,15.353333333333333,33.1
1999-07,31.799999999999997,61.255376344086024,15.496774193548386,39.4
1999-08,28.60967741935484,65.24193548387096,15.40967741935484,71.9
1999-09,24.253333333333334,74.98055555555555,16.843333333333334,265.0
1999-10,17.729032258064517,71.69623655913979,15.87741935483871,68.3
1999-11,14.05,68.90138888888889,18.38,52.3
1999-12,7.577419354838709,65.76209677419355,17.293548387096774,57.0
2000-01,3.616129032258064,64.06451612903226,22.348387096774193,100.4
2000-02,6.8310344827586205,72.67672413793103,17.79655172413793,63.900000000000006
2000-03,13.96774193548387,63.428763440860216,20.33225806451613,113.7
2000-04,15.55,68.50277777777778,19.716666666666665,80.7
2000-05,22.55806451612903,69.50806451612904,16.51290322580645,89.8
2000-06,27.0,72.7,16.529999999999998,102.9
2000-07,26.851612903225806,69.56048387096774,13.55483870967742,87.2
2000-08,26.43548387096774,76.15188172043011,13.696774193548388,104.8
2000-09,23.040000000000003,73.10138888888888,14.643333333333334,99.2
2000-10,18.83225806451613,67.6021505376344,14.770967741935483,10.1
2000-11,10.916666666666666,64.11527777777778,17.83,45.800000000000004
2000-12,2.6774193548387095,61.725806451612904,19.345161290322583,83.9
2001-01,2.9322580645161294,76.37768817204302,16.393548387096775,75.8
2001-02,6.546428571428571,64.20386904761905,19.099999999999998,64.7
2001-03,8.125806451612904,66.47849462365592,20.712903225806453,114.1
2001-04,17.38,66.69166666666666,16.56,65.1
2001-05,22.45483870967742,65.6236559139785,15.416129032258064,61.199999999999996
2001-06,27.446666666666665,70.45,14.610000000000001,114.5
2001-07,27.799999999999997,64.56586021505376,15.403225806451612,53.1
2001-08,30.458064516129035,69.15322580645162,13.670967741935485,63.0
2001-09,24.13,67.79305555555555,14.629999999999999,69.1
2001-10,19.29032258064516,62.99731182795699,17.961290322580645,27.4
2001-11,15.96,65.92777777777778,16.596666666666668,19.099999999999998
2001-12,9.848387096774195,65.23924731182795,17.106451612903225,44.4
2002-01,7.141935483870968,69.15860215053763,18.129032258064516,72.3
2002-02,9.214285714285714,58.95833333333333,20.625,18.5
2002-03,12.254838709677419,64.13575268817205,20.009677419354837,97.2
2002-04,18.39,64.27222222222223,19.03666666666667,81.8
2002-05,21.929032258064513,65.86693548387096,17.9,119.69999999999999
2002-06,27.383333333333333,68.59027777777779,14.66,98.1
2002-07,30.945161290322584,60.59946236559139,14.12258064516129,43.9
2002-08,30.206451612903226,64.24731182795699,14.416129032258064,82.0
2002-09,25.913333333333334,70.03055555555555,14.836666666666668,105.5
2002-10,16.738709677419354,73.38172043010753,16.116129032258065,134.2
2002-11,10.793333333333333,73.95555555555555,19.163333333333334,127.4
2002-12,4.609677419354839,70.15725806451613,19.31935483870968,107.9
2003-01,0.529032258064516,61.32661290322581,19.812903225806455,75.6
2003-02,1.9142857142857144,70.30952380952381,19.25,113.2
2003-03,11.63225806451613,70.17338709677419,18.22258064516129,88.8
2003-04,15.716666666666667,69.03472222222221,19.006666666666668,60.199999999999996
2003-05,19.164516129032258,77.0524193548387,15.17741935483871,141.5
2003-06,24.6,77.59861111111111,14.026666666666667,170.5
2003-07,29.116129032258065,70.66801075268818,15.0,62.4
2003-08,28.570967741935487,79.30510752688173,12.390322580645162,145.6
2003-09,24.033333333333335,77.55833333333334,15.956666666666667,148.4
2003-10,17.135483870967743,70.75940860215053,16.60967741935484,102.0
2003-11,14.086666666666668,73.85555555555555,17.6,112.7
2003-12,6.070967741935483,68.23790322580645,21.074193548387097,146.9
2004-01,-0.3451612903225807,60.0510752688172,20.509677419354837,57.800000000000004
2004-02,5.6000000000000005,61.15229885057472,17.67241379310345,54.8
2004-03,11.399999999999999,66.41397849462366,19.048387096774192,89.89999999999999
2004-04,17.13,67.89861111111111,19.796666666666667,140.0
2004-05,25.151612903225807,73.33870967741936,15.45483870967742,94.3
2004-06,25.993333333333332,72.07638888888889,14.54,67.3
2004-07,28.12258064516129,73.34408602150538,14.538709677419355,142.0
2004-08,27.280645161290323,75.70967741935483,13.54516129032258,93.2
2004-09,24.946666666666665,75.11944444444445,14.110000000000001,139.4
2004-10,17.212903225806453,73.17607526881721,14.838709677419354,46.0
2004-11,12.813333333333333,69.89027777777778,16.529999999999998,119.2
2004-12,6.735483870967743,66.57392473118279,19.23548387096774,86.1
2005-01,3.7612903225806456,70.8521505376344,18.451612903225808,108.8
2005-02,5.8500000000000005,68.00446428571429,17.021428571428572,68.4
2005-03,8.006451612903225,65.21774193548387,19.041935483870965,80.3
2005-04,18.043333333333333,62.458333333333336,19.276666666666664,123.7
2005-05,20.02258064516129,63.443548387096776,16.693548387096776,48.2
2005-06,28.19333333333333,69.61388888888888,15.17,80.6
2005-07,29.961290322580645,72.14247311827957,13.303225806451612,132.6
2005-08,30.593548387096774,66.50940860215053,12.838709677419354,34.6
2005-09,28.11,61.391666666666666,13.853333333333333,29.599999999999998
2005-10,17.961290322580645,74.15322580645162,17.748387096774195,143.0
2005-11,14.020000000000001,66.6125,18.69,54.8
2005-12,4.161290322580645,69.61290322580645,17.596774193548388,89.5
2006-01,8.716129032258063,71.73252688172043,19.641935483870967,102.8
2006-02,5.721428571428571,57.55059523809524,21.185714285714287,55.0
2006-03,11.248387096774193,54.905913978494624,18.774193548387096,23.7
2006-04,18.573333333333334,60.790277777777774,18.396666666666665,134.4
2006-05,23.15806451612903,60.895161290322584,18.006451612903227,56.5
2006-06,26.516666666666666,71.07916666666667,15.120000000000001,240.8
2006-07,30.448387096774194,71.1008064516129,14.196774193548388,108.5
2006-08,29.851612903225806,61.31317204301075,14.422580645161291,48.1
2006-09,22.740000000000002,74.39861111111112,15.306666666666667,167.3
2006-10,17.41290322580645,68.73521505376344,19.238709677419354,126.0
2006-11,14.09,77.125,15.993333333333334,123.6
2006-12,9.916129032258064,68.70967741935483,18.177419354838708,36.5
2007-01,7.112903225806452,64.91532258064517,18.925806451612903,81.3
2007-02,1.6428571428571428,54.23958333333333,21.339285714285715,49.6
2007-03,11.174193548387096,61.61559139784946,19.74516129032258,120.39999999999999
2007-04,14.556666666666667,66.12083333333334,19.976666666666667,180.6
2007-05,24.016129032258064,60.725806451612904,15.493548387096775,37.5
2007-06,27.98,63.597222222222214,15.373333333333333,51.9
2007-07,29.238709677419354,65.125,14.380645161290323,102.8
2007-08,29.258064516129032,68.87096774193549,13.33548387096774,114.7
2007-09,26.67,65.3638888888889,13.629999999999999,23.0
2007-10,22.18064516129032,72.91263440860214,15.312903225806451,108.6
2007-11,11.129999999999999,68.09027777777777,17.209999999999997,51.6
2007-12,6.161290322580645,73.19220430107528,17.951612903225808,116.6
2008-01,5.8,61.844086021505376,17.793548387096774,39.5
2008-02,7.351724137931035,66.6853448275862,19.96551724137931,130.0
2008-03,11.435483870967742,61.50806451612903,20.60967741935484,110.2
2008-04,17.983333333333334,66.94027777777778,17.28666666666667,54.9
2008-05,20.638709677419353,67.66129032258064,19.074193548387097,120.1
2008-06,29.476666666666667,64.6138888888889,15.296666666666665,72.6
2008-07,30.416129032258063,66.51612903225806,13.17741935483871,115.8
2008-08,28.706451612903226,60.42204301075269,13.503225806451614,37.7
2008-09,25.186666666666667,69.99027777777778,15.5,138.0
2008-10,17.845161290322583,64.82661290322581,16.47741935483871,63.3
2008-11,10.706666666666667,69.33055555555555,17.64333333333333,89.5
2008-12,7.064516129032258,69.62231182795698,21.18064516129032,125.7
2009-01,1.603225806451613,56.38172043010753,17.81935483870968,73.1
2009-02,7.178571428571429,59.566964285714285,19.842857142857145,23.1
2009-03,10.448387096774193,63.909946236559136,17.25483870967742,51.2
2009-04,17.303333333333335,63.981944444444444,19.986666666666668,89.0
2009-05,22.070967741935487,72.18010752688173,16.580645161290324,105.2
2009-06,24.77,78.46111111111112,14.05,153.4
2009-07,27.751612903225805,68.36827956989247,14.458064516129031,93.4
2009-08,28.483870967741936,75.43010752688173,11.919354838709678,148.9
2009-09,22.83,73.75277777777778,14.886666666666667,113.8
2009-10,16.783870967741933,74.0013440860215,17.980645161290322,156.2
2009-11,13.379999999999999,76.14027777777778,16.636666666666667,71.2
2009-12,5.151612903225807,68.23521505376344,20.129032258064516,152.9
2010-01,3.9967741935483874,60.517473118279575,20.029032258064515,42.7
2010-02,2.775,72.66815476190476,20.110714285714288,131.7
2010-03,13.399999999999999,70.88575268817205,19.238709677419354,170.9
2010-04,19.903333333333332,61.106944444444444,17.78666666666667,45.300000000000004
2010-05,24.248387096774195,63.13306451612903,17.325806451612905,42.6
2010-06,30.146666666666665,62.70138888888889,16.323333333333334,69.2
2010-07,31.774193548387096,61.600806451612904,14.412903225806453,78.9
2010-08,29.858064516129033,64.11559139784946,13.451612903225806,53.6
2010-09,27.19333333333333,60.61666666666667,17.126666666666665,118.3
2010-10,18.306451612903224,68.88172043010753,18.52258064516129,125.2
2010-11,12.116666666666667,68.56527777777778,16.833333333333332,60.6
2010-12,2.732258064516129,60.28763440860215,20.345161290322583,64.1
2011-01,1.4064516129032258,67.9475806451613,17.361290322580647,63.0
2011-02,7.260714285714286,62.81547619047619,22.053571428571427,70.1
2011-03,10.135483870967741,62.39784946236559,18.961290322580645,134.3
2011-04,18.166666666666668,70.01111111111112,21.240000000000002,140.8
2011-05,23.741935483870968,74.07795698924731,15.651612903225805,105.4
2011-06,27.976666666666667,67.66527777777777,13.956666666666667,75.2
2011-07,32.70645161290322,60.5739247311828,14.22258064516129,58.599999999999994
2011-08,28.54516129032258,71.33064516129032,14.97741935483871,278.1
2011-09,25.02,80.74722222222222,13.636666666666667,144.6
2011-10,17.82903225806452,71.73924731182795,16.86774193548387,137.0
2011-11,14.553333333333335,73.26666666666667,17.076666666666664,104.2
2011-12,9.432258064516128,72.72983870967742,17.82903225806452,110.60000000000001
2012-01,6.574193548387097,64.8508064516129,19.580645161290324,72.0
2012-02,8.606896551724137,64.99712643678161,18.482758620689655,52.1
2012-03,15.929032258064517,67.03897849462366,16.92258064516129,35.1
2012-04,17.53666666666667,53.6375,19.60666666666667,59.9
2012-05,23.980645161290322,73.26881720430109,15.13225806451613,92.10000000000001
2012-06,27.516666666666666,62.30277777777778,15.436666666666667,72.7
2012-07,32.00967741935484,61.5,13.85483870967742,73.6
2012-08,29.651612903225807,69.07930107526882,12.76774193548387,62.0
2012-09,24.866666666666667,69.52777777777779,14.413333333333332,104.89999999999999
2012-10,18.638709677419353,73.36693548387096,17.09032258064516,138.3
2012-11,9.843333333333334,68.17777777777778,15.610000000000001,30.3
2012-12,8.938709677419356,75.99327956989247,18.138709677419353,122.0
2013-01,5.683870967741936,66.2997311827957,17.483870967741936,59.6
2013-02,4.917857142857143,63.76190476190476,19.889285714285712,61.800000000000004
2013-03,8.45483870967742,61.395161290322584,20.883870967741935,67.3
2013-04,17.126666666666665,62.025,19.563333333333333,43.3
2013-05,22.470967741935485,67.00940860215053,16.825806451612905,70.39999999999999
2013-06,27.279999999999998,72.97083333333333,16.443333333333335,206.7
2013-07,29.858064516129033,73.58870967741936,14.093548387096773,123.9
2013-08,27.032258064516128,71.95698924731182,13.180645161290323,84.9
2013-09,24.5,64.70138888888889,13.413333333333332,47.1
2013-10,19.44193548387097,70.70564516129032,16.119354838709675,60.5
2013-11,10.873333333333333,60.6625,18.71333333333333,71.60000000000001
2013-12,6.764516129032257,73.61827956989247,17.09032258064516,132.1
2014-01,1.570967741935484,65.46236559139784,18.532258064516128,70.9
2014-02,2.5964285714285715,69.69494047619047,19.29642857142857,136.3
2014-03,7.641935483870968,59.5739247311828,20.093548387096774,89.10000000000001
2014-04,16.23,65.22361111111111,19.763333333333332,111.4
2014-05,22.274193548387096,69.54166666666666,16.474193548387095,86.0
2014-06,27.103333333333335,68.78333333333333,14.466666666666667,71.5
2014-07,28.838709677419356,66.5228494623656,15.2,88.60000000000001
2014-08,27.4,67.46370967741936,12.961290322580645,78.5
2014-09,25.013333333333332,70.1875,14.133333333333333,30.2
2014-10,18.712903225806453,69.70430107526882,17.919354838709676,86.5
2014-11,9.996666666666666,64.45416666666667,18.64,92.89999999999999
2014-12,7.529032258064516,73.84677419354838,16.874193548387098,125.7
2015-01,2.2419354838709675,60.79838709677419,19.09032258064516,102.1
2015-02,0.32142857142857145,58.44791666666667,20.696428571428573,53.4
2015-03,7.587096774193549,65.15994623655914,18.351612903225806,120.89999999999999
2015-04,16.87666666666667,63.11666666666667,19.73,70.5
2015-05,25.41290322580645,64.2284946236559,15.638709677419355,24.8
2015-06,26.543333333333333,73.625,16.156666666666666,166.79999999999998
2015-07,29.39032258064516,68.56989247311827,13.596774193548388,76.3
2015-08,29.55483870967742,61.75,14.096774193548388,36.6
2015-09,26.986666666666668,69.84583333333333,13.443333333333333,85.89999999999999
2015-10,17.712903225806453,68.02688172043011,16.59032258064516,90.7
2015-11,14.866666666666667,70.36805555555556,16.006666666666668,40.5
2015-12,13.274193548387096,80.05107526881721,16.64516129032258,130.3
2016-01,3.7193548387096773,62.51075268817204,19.429032258064513,88.60000000000001
2016-02,6.893103448275863,64.62068965517241,21.00344827586207,93.2
2016-03,14.30967741935484,63.278225806451616,19.312903225806455,43.5
2016-04,16.196666666666665,62.30833333333333,19.426666666666666,69.39999999999999
2016-05,20.55483870967742,73.09408602150538,15.158064516129032,120.4
2016-06,27.186666666666667,66.1361111111111,16.023333333333333,76.2
2016-07,30.93548387096774,68.64247311827957,14.425806451612903,93.4
2016-08,30.34193548387097,70.56317204301075,13.148387096774194,54.6
2016-09,26.80666666666667,68.32083333333334,15.673333333333334,103.0
2016-10,19.40967741935484,71.39112903225806,16.52258064516129,58.9
2016-11,14.163333333333332,66.72638888888889,16.79,46.1
2016-12,6.812903225806452,65.21236559139784,18.948387096774194,65.9
2017-01,6.235483870967743,69.96370967741936,20.687096774193545,77.1
2017-02,10.85,62.285714285714285,21.635714285714283,39.5
2017-03,9.53225806451613,59.61559139784946,23.79032258064516,116.6
2017-04,19.413333333333334,67.84722222222223,20.086666666666666,83.8
2017-05,20.47741935483871,70.03225806451613,19.89032258064516,154.0
2017-06,27.196666666666665,67.675,19.003333333333334,93.2
2017-07,30.18064516129032,70.66801075268818,16.080645161290324,143.3
2017-08,27.638709677419353,71.57930107526882,15.51290322580645,160.8
2017-09,26.173333333333336,68.55277777777778,16.936666666666667,44.0
2017-10,21.625806451612902,71.25268817204302,18.48709677419355,154.70000000000002
2017-11,12.573333333333332,67.91527777777777,18.41,41.6
2017-12,5.416129032258064,61.70833333333333,18.73225806451613,48.5
2018-01,4.009677419354839,63.24193548387097,20.0258064516129,80.7
2018-02,9.978571428571428,73.17708333333334,19.62857142857143,180.7
2018-03,8.303225806451612,63.93010752688172,22.348387096774193,122.9
2018-04,14.816666666666666,62.7625,22.493333333333332,112.1
2018-05,24.416129032258063,75.13037634408602,17.62258064516129,169.3
2018-06,26.459999999999997,74.44305555555555,17.08,144.8
2018-07,29.783870967741933,72.15994623655915,16.887096774193548,137.20000000000002
2018-08,29.061290322580643,78.78629032258064,15.209677419354838,152.1
2018-09,25.293333333333333,84.01111111111112,15.656666666666666,238.8
2018-10,18.51290322580645,73.98118279569891,20.52258064516129,112.5
2018-11,10.270000000000001,70.96111111111112,22.42,197.5
2018-12,8.048387096774194,73.51344086021506,18.58709677419355,164.6
2019-01,4.658064516129032,62.439516129032256,21.700000000000003,104.9
2019-02,6.875,64.37946428571429,19.95357142857143,85.7
2019-03,9.848387096774195,63.14247311827957,20.20967741935484,118.1
2019-04,19.073333333333334,65.9388888888889,22.603333333333335,99.3
2019-05,22.716129032258067,75.29838709677419,18.793548387096774,149.4
2019-06,26.996666666666666,70.42638888888888,18.186666666666667,174.4
2019-07,30.90967741935484,72.82930107526882,14.170967741935485,111.1
2019-08,28.887096774193548,72.46639784946237,15.13225806451613,72.1
2019-09,27.303333333333335,68.42222222222222,16.33,29.5
2019-10,20.293548387096774,71.15591397849462,20.229032258064517,134.1
2019-11,10.229999999999999,65.31944444444444,19.183333333333334,44.8
2019-12,7.112903225806452,74.18817204301075,19.061290322580643,145.29999999999998
2020-01,7.612903225806452,67.39381720430109,20.87741935483871,67.89999999999999
2020-02,8.86896551724138,66.64224137931035,19.175862068965518,98.4
2020-03,13.754838709677419,67.20161290322581,20.283870967741933,92.4
2020-04,14.836666666666668,64.17361111111111,24.493333333333332,142.7
2020-05,20.293548387096774,66.06989247311827,21.30322580645161,75.9
2020-06,28.473333333333336,63.330555555555556,18.1,93.2
2020-07,31.970967741935485,68.72043010752688,16.3,183.79999999999998
2020-08,29.003225806451614,76.46370967741936,16.441935483870967,154.70000000000002
2020-09,25.276666666666664,69.8625,16.116666666666667,104.3
2020-10,19.387096774193548,75.89112903225806,17.093548387096774,118.2
2020-11,15.303333333333335,71.07638888888889,19.59333333333333,135.3
2020-12,7.038709677419354,71.60752688172043,21.419354838709676,115.3
2021-01,5.300000000000001,65.15860215053763,19.774193548387096,40.3
2021-02,3.6750000000000003,75.03571428571429,18.414285714285715,140.3
2021-03,13.203225806451613,60.295698924731184,21.083870967741937,111.6
2021-04,17.69,60.477777777777774,20.333333333333332,50.5
2021-05,23.229032258064517,56.76209677419355,19.051612903225806,113.3
2021-06,28.7,69.38611111111112,16.803333333333335,72.3
2021-07,30.07741935483871,70.95564516129032,15.480645161290322,150.3
2021-08,30.032258064516128,74.05913978494624,14.680645161290323,142.8
2021-09,26.233333333333334,70.13055555555555,18.743333333333332,132.1
2021-10,21.75483870967742,75.27688172043011,17.990322580645163,88.4
2021-11,12.043333333333333,66.00833333333334,17.91,39.3
2021-12,9.964516129032257,69.38709677419355,17.593548387096774,42.8
2022-01,3.4161290322580644,61.0739247311828,20.848387096774193,111.9
2022-02,8.496428571428572,63.857142857142854,22.071428571428573,80.2
2022-03,12.73225806451613,63.806451612903224,22.151612903225807,101.3
2022-04,16.346666666666668,60.92777777777778,22.113333333333333,159.5
2022-05,23.36774193548387,70.87096774193549,19.725806451612904,147.0
2022-06,27.88,63.90138888888889,17.983333333333334,74.1
2022-07,31.18064516129032,67.73387096774194,17.345161290322583,111.5
2022-08,31.361290322580647,65.79435483870968,17.490322580645163,91.7
2022-09,25.93,65.77222222222223,17.853333333333335,102.2
2022-10,17.870967741935484,71.60618279569891,17.816129032258065,178.1
2022-11,14.223333333333333,68.27083333333333,19.256666666666668,78.5
2022-12,7.067741935483871,69.0497311827957,18.816129032258065,111.9
2023-01,9.629032258064516,73.07795698924731,19.138709677419353,85.8
2023-02,10.114285714285714,63.55357142857143,22.032142857142855,52.300000000000004
2023-03,11.75483870967742,62.2997311827957,22.225806451612904,97.60000000000001
2023-04,20.253333333333334,62.49722222222223,21.009999999999998,170.8
2023-05,22.84193548387097,57.9260752688172,18.29032258064516,30.9
2023-06,27.743333333333332,61.63888888888889,18.876666666666665,86.3
2023-07,31.529032258064515,72.09005376344085,15.838709677419354,141.1
2023-08,29.616129032258065,65.52284946236558,17.093548387096774,67.0
2023-09,25.926666666666666,72.6375,17.45,183.1
2023-10,20.66774193548387,70.71236559139786,16.799999999999997,44.8
2023-11,12.32,65.65833333333333,17.55,66.8
2023-12,9.606451612903227,75.28897849462366,16.09032258064516,173.0
2024-01,5.816129032258065,73.36290322580645,19.6,162.5
2024-02,8.272413793103448,66.77155172413794,17.30344827586207,61.300000000000004
2024-03,13.258064516129032,64.45295698924731,21.787096774193547,181.2
2024-04,18.16,66.9388888888889,21.346666666666668,106.1
2024-05,23.48709677419355,72.19489247311827,17.13225806451613,87.8
2024-06,30.873333333333335,57.29861111111111,20.426666666666666,83.3
2024-07,32.21935483870968,65.38306451612904,17.18064516129032,51.8
2024-08,29.02258064516129,70.92876344086021,16.787096774193547,203.7
2024-09,25.423333333333336,70.60833333333333,15.686666666666667,18.9
2024-10,21.35483870967742,58.942204301075265,16.148387096774194,2.4000000000000004
2024-11,15.08,63.7875,18.396666666666665,74.0
2024-12,6.625806451612903,69.44892473118279,16.164516129032258,94.7
